timestamp,enmo
2025-10-30T00:00:00,0.011983
2025-10-30T00:01:00,0.020421
2025-10-30T00:02:00,0.0
2025-10-30T00:03:00,0.012088
2025-10-30T00:04:00,0.006639
2025-10-30T00:05:00,0.023094
2025-10-30T00:06:00,0.008562
2025-10-30T00:07:00,0.017533
2025-10-30T00:08:00,0.019221
2025-10-30T00:09:00,0.00767
2025-10-30T00:10:00,0.006519
2025-10-30T00:11:00,0.020852
2025-10-30T00:12:00,0.010596
2025-10-30T00:13:00,0.010994
2025-10-30T00:14:00,0.00596
2025-10-30T00:15:00,0.018903
2025-10-30T00:16:00,0.0
2025-10-30T00:17:00,0.007435
2025-10-30T00:18:00,0.015078
2025-10-30T00:19:00,0.025379
2025-10-30T00:20:00,0.023052
2025-10-30T00:21:00,0.013148
2025-10-30T00:22:00,0.009457
2025-10-30T00:23:00,0.018387
2025-10-30T00:24:00,0.00714
2025-10-30T00:25:00,0.0
2025-10-30T00:26:00,0.015025
2025-10-30T00:27:00,0.012109
2025-10-30T00:28:00,0.014036
2025-10-30T00:29:00,0.011461
2025-10-30T00:30:00,0.015164
2025-10-30T00:31:00,0.00842
2025-10-30T00:32:00,0.005657
2025-10-30T00:33:00,0.017914
2025-10-30T00:34:00,0.0
2025-10-30T00:35:00,0.009341
2025-10-30T00:36:00,0.01638
2025-10-30T00:37:00,0.012295
2025-10-30T00:38:00,0.010248
2025-10-30T00:39:00,0.013817
2025-10-30T00:40:00,0.011625
2025-10-30T00:41:00,0.008729
2025-10-30T00:42:00,0.006974
2025-10-30T00:43:00,0.018585
2025-10-30T00:44:00,0.01328
2025-10-30T00:45:00,0.017954
2025-10-30T00:46:00,0.014498
2025-10-30T00:47:00,0.02662
2025-10-30T00:48:00,0.003937
2025-10-30T00:49:00,0.003731
2025-10-30T00:50:00,0.005033
2025-10-30T00:51:00,0.023462
2025-10-30T00:52:00,0.017338
2025-10-30T00:53:00,0.005782
2025-10-30T00:54:00,0.016676
2025-10-30T00:55:00,0.015687
2025-10-30T00:56:00,0.021031
2025-10-30T00:57:00,0.003287
2025-10-30T00:58:00,0.019952
2025-10-30T00:59:00,0.015419
2025-10-30T01:00:00,0.015021
2025-10-30T01:01:00,0.025605
2025-10-30T01:02:00,0.013615
2025-10-30T01:03:00,0.005893
2025-10-30T01:04:00,0.019798
2025-10-30T01:05:00,0.017318
2025-10-30T01:06:00,0.016931
2025-10-30T01:07:00,0.015467
2025-10-30T01:08:00,0.014042
2025-10-30T01:09:00,0.0
2025-10-30T01:10:00,0.022204
2025-10-30T01:11:00,0.017867
2025-10-30T01:12:00,0.018241
2025-10-30T01:13:00,0.008717
2025-10-30T01:14:00,0.027164
2025-10-30T01:15:00,0.020961
2025-10-30T01:16:00,0.027271
2025-10-30T01:17:00,0.010852
2025-10-30T01:18:00,0.016622
2025-10-30T01:19:00,0.022695
2025-10-30T01:20:00,0.018735
2025-10-30T01:21:00,0.012579
2025-10-30T01:22:00,0.014151
2025-10-30T01:23:00,0.020379
2025-10-30T01:24:00,0.006704
2025-10-30T01:25:00,0.016911
2025-10-30T01:26:00,0.007956
2025-10-30T01:27:00,0.005613
2025-10-30T01:28:00,0.002292
2025-10-30T01:29:00,0.014425
2025-10-30T01:30:00,0.021868
2025-10-30T01:31:00,0.004608
2025-10-30T01:32:00,0.001265
2025-10-30T01:33:00,0.022557
2025-10-30T01:34:00,0.014915
2025-10-30T01:35:00,0.010832
2025-10-30T01:36:00,0.026958
2025-10-30T01:37:00,0.003165
2025-10-30T01:38:00,0.009671
2025-10-30T01:39:00,0.000472
2025-10-30T01:40:00,0.016151
2025-10-30T01:41:00,0.021723
2025-10-30T01:42:00,0.016234
2025-10-30T01:43:00,0.003807
2025-10-30T01:44:00,0.010274
2025-10-30T01:45:00,0.004529
2025-10-30T01:46:00,0.0
2025-10-30T01:47:00,0.003721
2025-10-30T01:48:00,0.011858
2025-10-30T01:49:00,0.0
2025-10-30T01:50:00,0.00129
2025-10-30T01:51:00,0.006909
2025-10-30T01:52:00,0.010636
2025-10-30T01:53:00,0.017848
2025-10-30T01:54:00,0.010834
2025-10-30T01:55:00,0.015488
2025-10-30T01:56:00,0.012114
2025-10-30T01:57:00,0.016141
2025-10-30T01:58:00,0.014422
2025-10-30T01:59:00,0.013134
2025-10-30T02:00:00,0.015308
2025-10-30T02:01:00,0.0
2025-10-30T02:02:00,0.017478
2025-10-30T02:03:00,0.016209
2025-10-30T02:04:00,0.01577
2025-10-30T02:05:00,0.004961
2025-10-30T02:06:00,0.01087
2025-10-30T02:07:00,0.012226
2025-10-30T02:08:00,0.020437
2025-10-30T02:09:00,0.019885
2025-10-30T02:10:00,0.014805
2025-10-30T02:11:00,0.014936
2025-10-30T02:12:00,0.023123
2025-10-30T02:13:00,0.004835
2025-10-30T02:14:00,0.018733
2025-10-30T02:15:00,0.010083
2025-10-30T02:16:00,0.022417
2025-10-30T02:17:00,0.004228
2025-10-30T02:18:00,0.019087
2025-10-30T02:19:00,0.014852
2025-10-30T02:20:00,0.003196
2025-10-30T02:21:00,0.004788
2025-10-30T02:22:00,0.022358
2025-10-30T02:23:00,0.007929
2025-10-30T02:24:00,0.00769
2025-10-30T02:25:00,0.01243
2025-10-30T02:26:00,0.0
2025-10-30T02:27:00,0.017697
2025-10-30T02:28:00,0.014399
2025-10-30T02:29:00,0.011693
2025-10-30T02:30:00,0.014187
2025-10-30T02:31:00,0.004534
2025-10-30T02:32:00,0.005792
2025-10-30T02:33:00,0.022478
2025-10-30T02:34:00,0.021645
2025-10-30T02:35:00,0.012079
2025-10-30T02:36:00,0.007254
2025-10-30T02:37:00,0.017829
2025-10-30T02:38:00,0.022553
2025-10-30T02:39:00,0.014941
2025-10-30T02:40:00,0.018633
2025-10-30T02:41:00,0.020068
2025-10-30T02:42:00,0.020602
2025-10-30T02:43:00,0.015915
2025-10-30T02:44:00,0.01492
2025-10-30T02:45:00,0.010682
2025-10-30T02:46:00,0.017259
2025-10-30T02:47:00,0.013806
2025-10-30T02:48:00,0.014115
2025-10-30T02:49:00,0.003579
2025-10-30T02:50:00,0.006635
2025-10-30T02:51:00,0.010374
2025-10-30T02:52:00,0.019176
2025-10-30T02:53:00,0.020256
2025-10-30T02:54:00,0.002494
2025-10-30T02:55:00,0.013525
2025-10-30T02:56:00,0.014321
2025-10-30T02:57:00,0.015196
2025-10-30T02:58:00,0.021178
2025-10-30T02:59:00,0.004852
2025-10-30T03:00:00,0.008991
2025-10-30T03:01:00,0.024285
2025-10-30T03:02:00,0.004937
2025-10-30T03:03:00,0.005286
2025-10-30T03:04:00,0.028291
2025-10-30T03:05:00,0.0
2025-10-30T03:06:00,0.014988
2025-10-30T03:07:00,0.012663
2025-10-30T03:08:00,0.000664
2025-10-30T03:09:00,0.022698
2025-10-30T03:10:00,0.024443
2025-10-30T03:11:00,0.015563
2025-10-30T03:12:00,0.012763
2025-10-30T03:13:00,0.009861
2025-10-30T03:14:00,0.012168
2025-10-30T03:15:00,0.02377
2025-10-30T03:16:00,0.007599
2025-10-30T03:17:00,0.0
2025-10-30T03:18:00,0.009489
2025-10-30T03:19:00,0.020325
2025-10-30T03:20:00,0.008328
2025-10-30T03:21:00,0.0237
2025-10-30T03:22:00,0.015946
2025-10-30T03:23:00,0.026229
2025-10-30T03:24:00,0.015133
2025-10-30T03:25:00,0.005849
2025-10-30T03:26:00,0.0
2025-10-30T03:27:00,0.0
2025-10-30T03:28:00,0.008464
2025-10-30T03:29:00,0.00561
2025-10-30T03:30:00,0.010152
2025-10-30T03:31:00,0.0
2025-10-30T03:32:00,0.018841
2025-10-30T03:33:00,0.020688
2025-10-30T03:34:00,0.007555
2025-10-30T03:35:00,0.010513
2025-10-30T03:36:00,0.021097
2025-10-30T03:37:00,0.008786
2025-10-30T03:38:00,0.015291
2025-10-30T03:39:00,0.0
2025-10-30T03:40:00,0.0
2025-10-30T03:41:00,0.010952
2025-10-30T03:42:00,0.0
2025-10-30T03:43:00,0.003101
2025-10-30T03:44:00,0.028102
2025-10-30T03:45:00,0.006466
2025-10-30T03:46:00,0.01757
2025-10-30T03:47:00,0.0
2025-10-30T03:48:00,0.008263
2025-10-30T03:49:00,0.016083
2025-10-30T03:50:00,0.010906
2025-10-30T03:51:00,0.008519
2025-10-30T03:52:00,0.004075
2025-10-30T03:53:00,0.019549
2025-10-30T03:54:00,0.011403
2025-10-30T03:55:00,0.007021
2025-10-30T03:56:00,0.021049
2025-10-30T03:57:00,0.017202
2025-10-30T03:58:00,0.012364
2025-10-30T03:59:00,0.013175
2025-10-30T04:00:00,0.008253
2025-10-30T04:01:00,0.00871
2025-10-30T04:02:00,0.0
2025-10-30T04:03:00,0.002338
2025-10-30T04:04:00,0.02019
2025-10-30T04:05:00,0.017233
2025-10-30T04:06:00,0.015562
2025-10-30T04:07:00,0.017112
2025-10-30T04:08:00,0.025166
2025-10-30T04:09:00,0.007348
2025-10-30T04:10:00,0.005608
2025-10-30T04:11:00,0.007387
2025-10-30T04:12:00,0.0245
2025-10-30T04:13:00,0.0
2025-10-30T04:14:00,0.016001
2025-10-30T04:15:00,0.016498
2025-10-30T04:16:00,0.017804
2025-10-30T04:17:00,0.01277
2025-10-30T04:18:00,0.022359
2025-10-30T04:19:00,0.017074
2025-10-30T04:20:00,0.010431
2025-10-30T04:21:00,0.003231
2025-10-30T04:22:00,0.010776
2025-10-30T04:23:00,0.014895
2025-10-30T04:24:00,0.012971
2025-10-30T04:25:00,0.002437
2025-10-30T04:26:00,0.012157
2025-10-30T04:27:00,0.008615
2025-10-30T04:28:00,0.017137
2025-10-30T04:29:00,0.011489
2025-10-30T04:30:00,0.011529
2025-10-30T04:31:00,0.016194
2025-10-30T04:32:00,0.017773
2025-10-30T04:33:00,0.015558
2025-10-30T04:34:00,0.012956
2025-10-30T04:35:00,0.011412
2025-10-30T04:36:00,0.0
2025-10-30T04:37:00,0.014777
2025-10-30T04:38:00,0.003244
2025-10-30T04:39:00,0.016769
2025-10-30T04:40:00,0.011486
2025-10-30T04:41:00,0.019331
2025-10-30T04:42:00,0.016403
2025-10-30T04:43:00,0.010293
2025-10-30T04:44:00,0.005625
2025-10-30T04:45:00,0.009735
2025-10-30T04:46:00,0.010464
2025-10-30T04:47:00,0.013484
2025-10-30T04:48:00,0.012632
2025-10-30T04:49:00,0.010142
2025-10-30T04:50:00,0.016181
2025-10-30T04:51:00,0.017665
2025-10-30T04:52:00,0.021393
2025-10-30T04:53:00,0.007838
2025-10-30T04:54:00,0.019308
2025-10-30T04:55:00,0.011988
2025-10-30T04:56:00,0.005277
2025-10-30T04:57:00,0.016676
2025-10-30T04:58:00,0.014182
2025-10-30T04:59:00,0.011592
2025-10-30T05:00:00,0.011547
2025-10-30T05:01:00,0.0
2025-10-30T05:02:00,0.007062
2025-10-30T05:03:00,0.021451
2025-10-30T05:04:00,0.01071
2025-10-30T05:05:00,0.011956
2025-10-30T05:06:00,0.003707
2025-10-30T05:07:00,0.001312
2025-10-30T05:08:00,0.014521
2025-10-30T05:09:00,0.022691
2025-10-30T05:10:00,0.019309
2025-10-30T05:11:00,0.014498
2025-10-30T05:12:00,0.019275
2025-10-30T05:13:00,0.008997
2025-10-30T05:14:00,0.007906
2025-10-30T05:15:00,0.019812
2025-10-30T05:16:00,0.020278
2025-10-30T05:17:00,0.007862
2025-10-30T05:18:00,0.021533
2025-10-30T05:19:00,0.000408
2025-10-30T05:20:00,0.005858
2025-10-30T05:21:00,0.008576
2025-10-30T05:22:00,0.021068
2025-10-30T05:23:00,0.008584
2025-10-30T05:24:00,0.008704
2025-10-30T05:25:00,0.025169
2025-10-30T05:26:00,0.001275
2025-10-30T05:27:00,0.013903
2025-10-30T05:28:00,0.005186
2025-10-30T05:29:00,0.0
2025-10-30T05:30:00,0.024955
2025-10-30T05:31:00,0.017367
2025-10-30T05:32:00,0.023753
2025-10-30T05:33:00,0.002998
2025-10-30T05:34:00,0.005015
2025-10-30T05:35:00,0.004203
2025-10-30T05:36:00,0.012084
2025-10-30T05:37:00,0.001012
2025-10-30T05:38:00,0.009286
2025-10-30T05:39:00,0.018239
2025-10-30T05:40:00,0.013754
2025-10-30T05:41:00,0.000589
2025-10-30T05:42:00,0.018805
2025-10-30T05:43:00,0.0
2025-10-30T05:44:00,0.006247
2025-10-30T05:45:00,0.010427
2025-10-30T05:46:00,0.008105
2025-10-30T05:47:00,0.011331
2025-10-30T05:48:00,0.0
2025-10-30T05:49:00,0.016514
2025-10-30T05:50:00,0.009968
2025-10-30T05:51:00,0.0
2025-10-30T05:52:00,0.015706
2025-10-30T05:53:00,0.012064
2025-10-30T05:54:00,0.012062
2025-10-30T05:55:00,0.004122
2025-10-30T05:56:00,0.016649
2025-10-30T05:57:00,0.008619
2025-10-30T05:58:00,0.013702
2025-10-30T05:59:00,0.028229
2025-10-30T06:00:00,0.056972
2025-10-30T06:01:00,0.057287
2025-10-30T06:02:00,0.083581
2025-10-30T06:03:00,0.051032
2025-10-30T06:04:00,0.037159
2025-10-30T06:05:00,0.065925
2025-10-30T06:06:00,0.05272
2025-10-30T06:07:00,0.052925
2025-10-30T06:08:00,0.104241
2025-10-30T06:09:00,0.039979
2025-10-30T06:10:00,0.068578
2025-10-30T06:11:00,0.063558
2025-10-30T06:12:00,0.033247
2025-10-30T06:13:00,0.069073
2025-10-30T06:14:00,0.056937
2025-10-30T06:15:00,0.037634
2025-10-30T06:16:00,0.043695
2025-10-30T06:17:00,0.092305
2025-10-30T06:18:00,0.064626
2025-10-30T06:19:00,0.078659
2025-10-30T06:20:00,0.09841
2025-10-30T06:21:00,0.077939
2025-10-30T06:22:00,0.104053
2025-10-30T06:23:00,0.093847
2025-10-30T06:24:00,0.078651
2025-10-30T06:25:00,0.026732
2025-10-30T06:26:00,0.094881
2025-10-30T06:27:00,0.061684
2025-10-30T06:28:00,0.086014
2025-10-30T06:29:00,0.049036
2025-10-30T06:30:00,0.026957
2025-10-30T06:31:00,0.047622
2025-10-30T06:32:00,0.044323
2025-10-30T06:33:00,0.077502
2025-10-30T06:34:00,0.103675
2025-10-30T06:35:00,0.081947
2025-10-30T06:36:00,0.105556
2025-10-30T06:37:00,0.073417
2025-10-30T06:38:00,0.068073
2025-10-30T06:39:00,0.051741
2025-10-30T06:40:00,0.10427
2025-10-30T06:41:00,0.050686
2025-10-30T06:42:00,0.075254
2025-10-30T06:43:00,0.100392
2025-10-30T06:44:00,0.092565
2025-10-30T06:45:00,0.072848
2025-10-30T06:46:00,0.089226
2025-10-30T06:47:00,0.101646
2025-10-30T06:48:00,0.063569
2025-10-30T06:49:00,0.086326
2025-10-30T06:50:00,0.090994
2025-10-30T06:51:00,0.081887
2025-10-30T06:52:00,0.044522
2025-10-30T06:53:00,0.060725
2025-10-30T06:54:00,0.058498
2025-10-30T06:55:00,0.076725
2025-10-30T06:56:00,0.087619
2025-10-30T06:57:00,0.11024
2025-10-30T06:58:00,0.114758
2025-10-30T06:59:00,0.072653
2025-10-30T07:00:00,0.038009
2025-10-30T07:01:00,0.082911
2025-10-30T07:02:00,0.047702
2025-10-30T07:03:00,0.085639
2025-10-30T07:04:00,0.049996
2025-10-30T07:05:00,0.080751
2025-10-30T07:06:00,0.067866
2025-10-30T07:07:00,0.103164
2025-10-30T07:08:00,0.072976
2025-10-30T07:09:00,0.042722
2025-10-30T07:10:00,0.0847
2025-10-30T07:11:00,0.052196
2025-10-30T07:12:00,0.09458
2025-10-30T07:13:00,0.102173
2025-10-30T07:14:00,0.053799
2025-10-30T07:15:00,0.033274
2025-10-30T07:16:00,0.064587
2025-10-30T07:17:00,0.110046
2025-10-30T07:18:00,0.062259
2025-10-30T07:19:00,0.048056
2025-10-30T07:20:00,0.052642
2025-10-30T07:21:00,0.103475
2025-10-30T07:22:00,0.108192
2025-10-30T07:23:00,0.069791
2025-10-30T07:24:00,0.07884
2025-10-30T07:25:00,0.100083
2025-10-30T07:26:00,0.065866
2025-10-30T07:27:00,0.066129
2025-10-30T07:28:00,0.101776
2025-10-30T07:29:00,0.039726
2025-10-30T07:30:00,0.064496
2025-10-30T07:31:00,0.101983
2025-10-30T07:32:00,0.034432
2025-10-30T07:33:00,0.057323
2025-10-30T07:34:00,0.037386
2025-10-30T07:35:00,0.093206
2025-10-30T07:36:00,0.066539
2025-10-30T07:37:00,0.057324
2025-10-30T07:38:00,0.100824
2025-10-30T07:39:00,0.037994
2025-10-30T07:40:00,0.036975
2025-10-30T07:41:00,0.111988
2025-10-30T07:42:00,0.08646
2025-10-30T07:43:00,0.07291
2025-10-30T07:44:00,0.090703
2025-10-30T07:45:00,0.054702
2025-10-30T07:46:00,0.072773
2025-10-30T07:47:00,0.092109
2025-10-30T07:48:00,0.043322
2025-10-30T07:49:00,0.100516
2025-10-30T07:50:00,0.043752
2025-10-30T07:51:00,0.082576
2025-10-30T07:52:00,0.052223
2025-10-30T07:53:00,0.086682
2025-10-30T07:54:00,0.038074
2025-10-30T07:55:00,0.086947
2025-10-30T07:56:00,0.060172
2025-10-30T07:57:00,0.066981
2025-10-30T07:58:00,0.03585
2025-10-30T07:59:00,0.026749
2025-10-30T08:00:00,0.038408
2025-10-30T08:01:00,0.068378
2025-10-30T08:02:00,0.051273
2025-10-30T08:03:00,0.027064
2025-10-30T08:04:00,0.0431
2025-10-30T08:05:00,0.084002
2025-10-30T08:06:00,0.051864
2025-10-30T08:07:00,0.087092
2025-10-30T08:08:00,0.041945
2025-10-30T08:09:00,0.089496
2025-10-30T08:10:00,0.087234
2025-10-30T08:11:00,0.067174
2025-10-30T08:12:00,0.074379
2025-10-30T08:13:00,0.105338
2025-10-30T08:14:00,0.100057
2025-10-30T08:15:00,0.095493
2025-10-30T08:16:00,0.083327
2025-10-30T08:17:00,0.035734
2025-10-30T08:18:00,0.058294
2025-10-30T08:19:00,0.072148
2025-10-30T08:20:00,0.035104
2025-10-30T08:21:00,0.060955
2025-10-30T08:22:00,0.042407
2025-10-30T08:23:00,0.053927
2025-10-30T08:24:00,0.078338
2025-10-30T08:25:00,0.075699
2025-10-30T08:26:00,0.057814
2025-10-30T08:27:00,0.087423
2025-10-30T08:28:00,0.052078
2025-10-30T08:29:00,0.070879
2025-10-30T08:30:00,0.113476
2025-10-30T08:31:00,0.063559
2025-10-30T08:32:00,0.045172
2025-10-30T08:33:00,0.045658
2025-10-30T08:34:00,0.030175
2025-10-30T08:35:00,0.106336
2025-10-30T08:36:00,0.066517
2025-10-30T08:37:00,0.045406
2025-10-30T08:38:00,0.054623
2025-10-30T08:39:00,0.060972
2025-10-30T08:40:00,0.023582
2025-10-30T08:41:00,0.05433
2025-10-30T08:42:00,0.097813
2025-10-30T08:43:00,0.07748
2025-10-30T08:44:00,0.095716
2025-10-30T08:45:00,0.084909
2025-10-30T08:46:00,0.11635
2025-10-30T08:47:00,0.106836
2025-10-30T08:48:00,0.093672
2025-10-30T08:49:00,0.100598
2025-10-30T08:50:00,0.044499
2025-10-30T08:51:00,0.083501
2025-10-30T08:52:00,0.08813
2025-10-30T08:53:00,0.037887
2025-10-30T08:54:00,0.032651
2025-10-30T08:55:00,0.096934
2025-10-30T08:56:00,0.056737
2025-10-30T08:57:00,0.029231
2025-10-30T08:58:00,0.031096
2025-10-30T08:59:00,0.037551
2025-10-30T09:00:00,0.1045
2025-10-30T09:01:00,0.078451
2025-10-30T09:02:00,0.079995
2025-10-30T09:03:00,0.04694
2025-10-30T09:04:00,0.137931
2025-10-30T09:05:00,0.08275
2025-10-30T09:06:00,0.115697
2025-10-30T09:07:00,0.102238
2025-10-30T09:08:00,0.042653
2025-10-30T09:09:00,0.101401
2025-10-30T09:10:00,0.091199
2025-10-30T09:11:00,0.158547
2025-10-30T09:12:00,0.155132
2025-10-30T09:13:00,0.125518
2025-10-30T09:14:00,0.064978
2025-10-30T09:15:00,0.074541
2025-10-30T09:16:00,0.068758
2025-10-30T09:17:00,0.065774
2025-10-30T09:18:00,0.080184
2025-10-30T09:19:00,0.063756
2025-10-30T09:20:00,0.171929
2025-10-30T09:21:00,0.071735
2025-10-30T09:22:00,0.056909
2025-10-30T09:23:00,0.132647
2025-10-30T09:24:00,0.101974
2025-10-30T09:25:00,0.065711
2025-10-30T09:26:00,0.091261
2025-10-30T09:27:00,0.078551
2025-10-30T09:28:00,0.161192
2025-10-30T09:29:00,0.081095
2025-10-30T09:30:00,0.08487
2025-10-30T09:31:00,0.123052
2025-10-30T09:32:00,0.103739
2025-10-30T09:33:00,0.169092
2025-10-30T09:34:00,0.157442
2025-10-30T09:35:00,0.075944
2025-10-30T09:36:00,0.128908
2025-10-30T09:37:00,0.096293
2025-10-30T09:38:00,0.123426
2025-10-30T09:39:00,0.075343
2025-10-30T09:40:00,0.130508
2025-10-30T09:41:00,0.108396
2025-10-30T09:42:00,0.075851
2025-10-30T09:43:00,0.10931
2025-10-30T09:44:00,0.121344
2025-10-30T09:45:00,0.118151
2025-10-30T09:46:00,0.062167
2025-10-30T09:47:00,0.081624
2025-10-30T09:48:00,0.105425
2025-10-30T09:49:00,0.077522
2025-10-30T09:50:00,0.135059
2025-10-30T09:51:00,0.092606
2025-10-30T09:52:00,0.080988
2025-10-30T09:53:00,0.157586
2025-10-30T09:54:00,0.142059
2025-10-30T09:55:00,0.088369
2025-10-30T09:56:00,0.063396
2025-10-30T09:57:00,0.167174
2025-10-30T09:58:00,0.067061
2025-10-30T09:59:00,0.123971
2025-10-30T10:00:00,0.127283
2025-10-30T10:01:00,0.124937
2025-10-30T10:02:00,0.05902
2025-10-30T10:03:00,0.074639
2025-10-30T10:04:00,0.169587
2025-10-30T10:05:00,0.15127
2025-10-30T10:06:00,0.139312
2025-10-30T10:07:00,0.072493
2025-10-30T10:08:00,0.158847
2025-10-30T10:09:00,0.151611
2025-10-30T10:10:00,0.135031
2025-10-30T10:11:00,0.081782
2025-10-30T10:12:00,0.147097
2025-10-30T10:13:00,0.136663
2025-10-30T10:14:00,0.09585
2025-10-30T10:15:00,0.065919
2025-10-30T10:16:00,0.167598
2025-10-30T10:17:00,0.094274
2025-10-30T10:18:00,0.112676
2025-10-30T10:19:00,0.074918
2025-10-30T10:20:00,0.069026
2025-10-30T10:21:00,0.054324
2025-10-30T10:22:00,0.047302
2025-10-30T10:23:00,0.123822
2025-10-30T10:24:00,0.083178
2025-10-30T10:25:00,0.139619
2025-10-30T10:26:00,0.158399
2025-10-30T10:27:00,0.10703
2025-10-30T10:28:00,0.114692
2025-10-30T10:29:00,0.131226
2025-10-30T10:30:00,0.111389
2025-10-30T10:31:00,0.130425
2025-10-30T10:32:00,0.166569
2025-10-30T10:33:00,0.123932
2025-10-30T10:34:00,0.115739
2025-10-30T10:35:00,0.071687
2025-10-30T10:36:00,0.118633
2025-10-30T10:37:00,0.100933
2025-10-30T10:38:00,0.101019
2025-10-30T10:39:00,0.097763
2025-10-30T10:40:00,0.050531
2025-10-30T10:41:00,0.107915
2025-10-30T10:42:00,0.088888
2025-10-30T10:43:00,0.153915
2025-10-30T10:44:00,0.102331
2025-10-30T10:45:00,0.107898
2025-10-30T10:46:00,0.09683
2025-10-30T10:47:00,0.099881
2025-10-30T10:48:00,0.094982
2025-10-30T10:49:00,0.077337
2025-10-30T10:50:00,0.108979
2025-10-30T10:51:00,0.088572
2025-10-30T10:52:00,0.098082
2025-10-30T10:53:00,0.054287
2025-10-30T10:54:00,0.11993
2025-10-30T10:55:00,0.114894
2025-10-30T10:56:00,0.086632
2025-10-30T10:57:00,0.153801
2025-10-30T10:58:00,0.067509
2025-10-30T10:59:00,0.126546
2025-10-30T11:00:00,0.107497
2025-10-30T11:01:00,0.133299
2025-10-30T11:02:00,0.089892
2025-10-30T11:03:00,0.06004
2025-10-30T11:04:00,0.143308
2025-10-30T11:05:00,0.0827
2025-10-30T11:06:00,0.121758
2025-10-30T11:07:00,0.055809
2025-10-30T11:08:00,0.158237
2025-10-30T11:09:00,0.16167
2025-10-30T11:10:00,0.082045
2025-10-30T11:11:00,0.106396
2025-10-30T11:12:00,0.124278
2025-10-30T11:13:00,0.087027
2025-10-30T11:14:00,0.083681
2025-10-30T11:15:00,0.106048
2025-10-30T11:16:00,0.132739
2025-10-30T11:17:00,0.118777
2025-10-30T11:18:00,0.149002
2025-10-30T11:19:00,0.086015
2025-10-30T11:20:00,0.058713
2025-10-30T11:21:00,0.105679
2025-10-30T11:22:00,0.128572
2025-10-30T11:23:00,0.088521
2025-10-30T11:24:00,0.150198
2025-10-30T11:25:00,0.137279
2025-10-30T11:26:00,0.153876
2025-10-30T11:27:00,0.0932
2025-10-30T11:28:00,0.059445
2025-10-30T11:29:00,0.125079
2025-10-30T11:30:00,0.063935
2025-10-30T11:31:00,0.128794
2025-10-30T11:32:00,0.124709
2025-10-30T11:33:00,0.073598
2025-10-30T11:34:00,0.126807
2025-10-30T11:35:00,0.094677
2025-10-30T11:36:00,0.068293
2025-10-30T11:37:00,0.128795
2025-10-30T11:38:00,0.070874
2025-10-30T11:39:00,0.132175
2025-10-30T11:40:00,0.135395
2025-10-30T11:41:00,0.089416
2025-10-30T11:42:00,0.133138
2025-10-30T11:43:00,0.059848
2025-10-30T11:44:00,0.082152
2025-10-30T11:45:00,0.157343
2025-10-30T11:46:00,0.063934
2025-10-30T11:47:00,0.074939
2025-10-30T11:48:00,0.068633
2025-10-30T11:49:00,0.153116
2025-10-30T11:50:00,0.153122
2025-10-30T11:51:00,0.160846
2025-10-30T11:52:00,0.09682
2025-10-30T11:53:00,0.144173
2025-10-30T11:54:00,0.089513
2025-10-30T11:55:00,0.115288
2025-10-30T11:56:00,0.126754
2025-10-30T11:57:00,0.0847
2025-10-30T11:58:00,0.091355
2025-10-30T11:59:00,0.132182
2025-10-30T12:00:00,0.043767
2025-10-30T12:01:00,0.046166
2025-10-30T12:02:00,0.134752
2025-10-30T12:03:00,0.067097
2025-10-30T12:04:00,0.069198
2025-10-30T12:05:00,0.044353
2025-10-30T12:06:00,0.085293
2025-10-30T12:07:00,0.134867
2025-10-30T12:08:00,0.062753
2025-10-30T12:09:00,0.109726
2025-10-30T12:10:00,0.056141
2025-10-30T12:11:00,0.110545
2025-10-30T12:12:00,0.109032
2025-10-30T12:13:00,0.089678
2025-10-30T12:14:00,0.051683
2025-10-30T12:15:00,0.056015
2025-10-30T12:16:00,0.076648
2025-10-30T12:17:00,0.067636
2025-10-30T12:18:00,0.101185
2025-10-30T12:19:00,0.104866
2025-10-30T12:20:00,0.074873
2025-10-30T12:21:00,0.123986
2025-10-30T12:22:00,0.130997
2025-10-30T12:23:00,0.120097
2025-10-30T12:24:00,0.039902
2025-10-30T12:25:00,0.120295
2025-10-30T12:26:00,0.076144
2025-10-30T12:27:00,0.056797
2025-10-30T12:28:00,0.073802
2025-10-30T12:29:00,0.042436
2025-10-30T12:30:00,0.107874
2025-10-30T12:31:00,0.097497
2025-10-30T12:32:00,0.099538
2025-10-30T12:33:00,0.131746
2025-10-30T12:34:00,0.067468
2025-10-30T12:35:00,0.096248
2025-10-30T12:36:00,0.094939
2025-10-30T12:37:00,0.132635
2025-10-30T12:38:00,0.131128
2025-10-30T12:39:00,0.145692
2025-10-30T12:40:00,0.107042
2025-10-30T12:41:00,0.046727
2025-10-30T12:42:00,0.060623
2025-10-30T12:43:00,0.114924
2025-10-30T12:44:00,0.13452
2025-10-30T12:45:00,0.060966
2025-10-30T12:46:00,0.087791
2025-10-30T12:47:00,0.068494
2025-10-30T12:48:00,0.043113
2025-10-30T12:49:00,0.103701
2025-10-30T12:50:00,0.056013
2025-10-30T12:51:00,0.11558
2025-10-30T12:52:00,0.101734
2025-10-30T12:53:00,0.04703
2025-10-30T12:54:00,0.048852
2025-10-30T12:55:00,0.05555
2025-10-30T12:56:00,0.083416
2025-10-30T12:57:00,0.129128
2025-10-30T12:58:00,0.100654
2025-10-30T12:59:00,0.117954
2025-10-30T13:00:00,0.113707
2025-10-30T13:01:00,0.063476
2025-10-30T13:02:00,0.120413
2025-10-30T13:03:00,0.114913
2025-10-30T13:04:00,0.077733
2025-10-30T13:05:00,0.060241
2025-10-30T13:06:00,0.117563
2025-10-30T13:07:00,0.108396
2025-10-30T13:08:00,0.067992
2025-10-30T13:09:00,0.069457
2025-10-30T13:10:00,0.055704
2025-10-30T13:11:00,0.117578
2025-10-30T13:12:00,0.053424
2025-10-30T13:13:00,0.087944
2025-10-30T13:14:00,0.071761
2025-10-30T13:15:00,0.089951
2025-10-30T13:16:00,0.116035
2025-10-30T13:17:00,0.096286
2025-10-30T13:18:00,0.103196
2025-10-30T13:19:00,0.072888
2025-10-30T13:20:00,0.124536
2025-10-30T13:21:00,0.13674
2025-10-30T13:22:00,0.096321
2025-10-30T13:23:00,0.054778
2025-10-30T13:24:00,0.067442
2025-10-30T13:25:00,0.083767
2025-10-30T13:26:00,0.140277
2025-10-30T13:27:00,0.070822
2025-10-30T13:28:00,0.092374
2025-10-30T13:29:00,0.097968
2025-10-30T13:30:00,0.049149
2025-10-30T13:31:00,0.111357
2025-10-30T13:32:00,0.099444
2025-10-30T13:33:00,0.134246
2025-10-30T13:34:00,0.096713
2025-10-30T13:35:00,0.054494
2025-10-30T13:36:00,0.094869
2025-10-30T13:37:00,0.054202
2025-10-30T13:38:00,0.082651
2025-10-30T13:39:00,0.07085
2025-10-30T13:40:00,0.136965
2025-10-30T13:41:00,0.063726
2025-10-30T13:42:00,0.060507
2025-10-30T13:43:00,0.092327
2025-10-30T13:44:00,0.123934
2025-10-30T13:45:00,0.07709
2025-10-30T13:46:00,0.14106
2025-10-30T13:47:00,0.037308
2025-10-30T13:48:00,0.114594
2025-10-30T13:49:00,0.06695
2025-10-30T13:50:00,0.089178
2025-10-30T13:51:00,0.096923
2025-10-30T13:52:00,0.139406
2025-10-30T13:53:00,0.089327
2025-10-30T13:54:00,0.12817
2025-10-30T13:55:00,0.103777
2025-10-30T13:56:00,0.060493
2025-10-30T13:57:00,0.142251
2025-10-30T13:58:00,0.093131
2025-10-30T13:59:00,0.074988
2025-10-30T14:00:00,0.179586
2025-10-30T14:01:00,0.160236
2025-10-30T14:02:00,0.154685
2025-10-30T14:03:00,0.195816
2025-10-30T14:04:00,0.10046
2025-10-30T14:05:00,0.161422
2025-10-30T14:06:00,0.144008
2025-10-30T14:07:00,0.178291
2025-10-30T14:08:00,0.200649
2025-10-30T14:09:00,0.096683
2025-10-30T14:10:00,0.209077
2025-10-30T14:11:00,0.175815
2025-10-30T14:12:00,0.068052
2025-10-30T14:13:00,0.140535
2025-10-30T14:14:00,0.192645
2025-10-30T14:15:00,0.121361
2025-10-30T14:16:00,0.149161
2025-10-30T14:17:00,0.075095
2025-10-30T14:18:00,0.107572
2025-10-30T14:19:00,0.199097
2025-10-30T14:20:00,0.121044
2025-10-30T14:21:00,0.085092
2025-10-30T14:22:00,0.128646
2025-10-30T14:23:00,0.15034
2025-10-30T14:24:00,0.14931
2025-10-30T14:25:00,0.155101
2025-10-30T14:26:00,0.06368
2025-10-30T14:27:00,0.132369
2025-10-30T14:28:00,0.191209
2025-10-30T14:29:00,0.151664
2025-10-30T14:30:00,0.177339
2025-10-30T14:31:00,0.089132
2025-10-30T14:32:00,0.204948
2025-10-30T14:33:00,0.123319
2025-10-30T14:34:00,0.198693
2025-10-30T14:35:00,0.146699
2025-10-30T14:36:00,0.189291
2025-10-30T14:37:00,0.127675
2025-10-30T14:38:00,0.173365
2025-10-30T14:39:00,0.105007
2025-10-30T14:40:00,0.128252
2025-10-30T14:41:00,0.142264
2025-10-30T14:42:00,0.209702
2025-10-30T14:43:00,0.17106
2025-10-30T14:44:00,0.21103
2025-10-30T14:45:00,0.127621
2025-10-30T14:46:00,0.069695
2025-10-30T14:47:00,0.083084
2025-10-30T14:48:00,0.199257
2025-10-30T14:49:00,0.160488
2025-10-30T14:50:00,0.051949
2025-10-30T14:51:00,0.100716
2025-10-30T14:52:00,0.170717
2025-10-30T14:53:00,0.185713
2025-10-30T14:54:00,0.121805
2025-10-30T14:55:00,0.084316
2025-10-30T14:56:00,0.11015
2025-10-30T14:57:00,0.204085
2025-10-30T14:58:00,0.191411
2025-10-30T14:59:00,0.10433
2025-10-30T15:00:00,0.118616
2025-10-30T15:01:00,0.184563
2025-10-30T15:02:00,0.193366
2025-10-30T15:03:00,0.117592
2025-10-30T15:04:00,0.207748
2025-10-30T15:05:00,0.200034
2025-10-30T15:06:00,0.066238
2025-10-30T15:07:00,0.082088
2025-10-30T15:08:00,0.192676
2025-10-30T15:09:00,0.167969
2025-10-30T15:10:00,0.11054
2025-10-30T15:11:00,0.107565
2025-10-30T15:12:00,0.167487
2025-10-30T15:13:00,0.089976
2025-10-30T15:14:00,0.206643
2025-10-30T15:15:00,0.119559
2025-10-30T15:16:00,0.109358
2025-10-30T15:17:00,0.129531
2025-10-30T15:18:00,0.112846
2025-10-30T15:19:00,0.208032
2025-10-30T15:20:00,0.104668
2025-10-30T15:21:00,0.178042
2025-10-30T15:22:00,0.198446
2025-10-30T15:23:00,0.099076
2025-10-30T15:24:00,0.088855
2025-10-30T15:25:00,0.125568
2025-10-30T15:26:00,0.194601
2025-10-30T15:27:00,0.099224
2025-10-30T15:28:00,0.080361
2025-10-30T15:29:00,0.118626
2025-10-30T15:30:00,0.06522
2025-10-30T15:31:00,0.089318
2025-10-30T15:32:00,0.099756
2025-10-30T15:33:00,0.067867
2025-10-30T15:34:00,0.112475
2025-10-30T15:35:00,0.178856
2025-10-30T15:36:00,0.105803
2025-10-30T15:37:00,0.054988
2025-10-30T15:38:00,0.111853
2025-10-30T15:39:00,0.135324
2025-10-30T15:40:00,0.136341
2025-10-30T15:41:00,0.169013
2025-10-30T15:42:00,0.166914
2025-10-30T15:43:00,0.184434
2025-10-30T15:44:00,0.174621
2025-10-30T15:45:00,0.128689
2025-10-30T15:46:00,0.13932
2025-10-30T15:47:00,0.079487
2025-10-30T15:48:00,0.194212
2025-10-30T15:49:00,0.139226
2025-10-30T15:50:00,0.202437
2025-10-30T15:51:00,0.085215
2025-10-30T15:52:00,0.090374
2025-10-30T15:53:00,0.056132
2025-10-30T15:54:00,0.153374
2025-10-30T15:55:00,0.144174
2025-10-30T15:56:00,0.217142
2025-10-30T15:57:00,0.095747
2025-10-30T15:58:00,0.123557
2025-10-30T15:59:00,0.099648
2025-10-30T16:00:00,0.071232
2025-10-30T16:01:00,0.143357
2025-10-30T16:02:00,0.131469
2025-10-30T16:03:00,0.068566
2025-10-30T16:04:00,0.077155
2025-10-30T16:05:00,0.17826
2025-10-30T16:06:00,0.168665
2025-10-30T16:07:00,0.128505
2025-10-30T16:08:00,0.059358
2025-10-30T16:09:00,0.155771
2025-10-30T16:10:00,0.140395
2025-10-30T16:11:00,0.162277
2025-10-30T16:12:00,0.106622
2025-10-30T16:13:00,0.183661
2025-10-30T16:14:00,0.1765
2025-10-30T16:15:00,0.174938
2025-10-30T16:16:00,0.168378
2025-10-30T16:17:00,0.15908
2025-10-30T16:18:00,0.136682
2025-10-30T16:19:00,0.155373
2025-10-30T16:20:00,0.179005
2025-10-30T16:21:00,0.134177
2025-10-30T16:22:00,0.212269
2025-10-30T16:23:00,0.134326
2025-10-30T16:24:00,0.083188
2025-10-30T16:25:00,0.204511
2025-10-30T16:26:00,0.076057
2025-10-30T16:27:00,0.156233
2025-10-30T16:28:00,0.078919
2025-10-30T16:29:00,0.1398
2025-10-30T16:30:00,0.075895
2025-10-30T16:31:00,0.187692
2025-10-30T16:32:00,0.159586
2025-10-30T16:33:00,0.183075
2025-10-30T16:34:00,0.067397
2025-10-30T16:35:00,0.178913
2025-10-30T16:36:00,0.095355
2025-10-30T16:37:00,0.129214
2025-10-30T16:38:00,0.141672
2025-10-30T16:39:00,0.05389
2025-10-30T16:40:00,0.08882
2025-10-30T16:41:00,0.111141
2025-10-30T16:42:00,0.090914
2025-10-30T16:43:00,0.089245
2025-10-30T16:44:00,0.116413
2025-10-30T16:45:00,0.153267
2025-10-30T16:46:00,0.188869
2025-10-30T16:47:00,0.114453
2025-10-30T16:48:00,0.100742
2025-10-30T16:49:00,0.181737
2025-10-30T16:50:00,0.11757
2025-10-30T16:51:00,0.079608
2025-10-30T16:52:00,0.187169
2025-10-30T16:53:00,0.072536
2025-10-30T16:54:00,0.164501
2025-10-30T16:55:00,0.180414
2025-10-30T16:56:00,0.150404
2025-10-30T16:57:00,0.129679
2025-10-30T16:58:00,0.089268
2025-10-30T16:59:00,0.116991
2025-10-30T17:00:00,0.140643
2025-10-30T17:01:00,0.123825
2025-10-30T17:02:00,0.127887
2025-10-30T17:03:00,0.128189
2025-10-30T17:04:00,0.246079
2025-10-30T17:05:00,0.233392
2025-10-30T17:06:00,0.243794
2025-10-30T17:07:00,0.101047
2025-10-30T17:08:00,0.140105
2025-10-30T17:09:00,0.254887
2025-10-30T17:10:00,0.136466
2025-10-30T17:11:00,0.240129
2025-10-30T17:12:00,0.23784
2025-10-30T17:13:00,0.142998
2025-10-30T17:14:00,0.095823
2025-10-30T17:15:00,0.16306
2025-10-30T17:16:00,0.14854
2025-10-30T17:17:00,0.162564
2025-10-30T17:18:00,0.189456
2025-10-30T17:19:00,0.247677
2025-10-30T17:20:00,0.183817
2025-10-30T17:21:00,0.114706
2025-10-30T17:22:00,0.133487
2025-10-30T17:23:00,0.124038
2025-10-30T17:24:00,0.220496
2025-10-30T17:25:00,0.093907
2025-10-30T17:26:00,0.087009
2025-10-30T17:27:00,0.14741
2025-10-30T17:28:00,0.104911
2025-10-30T17:29:00,0.119131
2025-10-30T17:30:00,0.253662
2025-10-30T17:31:00,0.190592
2025-10-30T17:32:00,0.204964
2025-10-30T17:33:00,0.11084
2025-10-30T17:34:00,0.162258
2025-10-30T17:35:00,0.241403
2025-10-30T17:36:00,0.125495
2025-10-30T17:37:00,0.226296
2025-10-30T17:38:00,0.224632
2025-10-30T17:39:00,0.110982
2025-10-30T17:40:00,0.134264
2025-10-30T17:41:00,0.24131
2025-10-30T17:42:00,0.156709
2025-10-30T17:43:00,0.124311
2025-10-30T17:44:00,0.155879
2025-10-30T17:45:00,0.184519
2025-10-30T17:46:00,0.159645
2025-10-30T17:47:00,0.249668
2025-10-30T17:48:00,0.139699
2025-10-30T17:49:00,0.207382
2025-10-30T17:50:00,0.215099
2025-10-30T17:51:00,0.175868
2025-10-30T17:52:00,0.162492
2025-10-30T17:53:00,0.229352
2025-10-30T17:54:00,0.130618
2025-10-30T17:55:00,0.116146
2025-10-30T17:56:00,0.213993
2025-10-30T17:57:00,0.191461
2025-10-30T17:58:00,0.217727
2025-10-30T17:59:00,0.248921
2025-10-30T18:00:00,0.10348
2025-10-30T18:01:00,0.228987
2025-10-30T18:02:00,0.133859
2025-10-30T18:03:00,0.232595
2025-10-30T18:04:00,0.115517
2025-10-30T18:05:00,0.198487
2025-10-30T18:06:00,0.255648
2025-10-30T18:07:00,0.091517
2025-10-30T18:08:00,0.15404
2025-10-30T18:09:00,0.160152
2025-10-30T18:10:00,0.15748
2025-10-30T18:11:00,0.233926
2025-10-30T18:12:00,0.093872
2025-10-30T18:13:00,0.236676
2025-10-30T18:14:00,0.14462
2025-10-30T18:15:00,0.071585
2025-10-30T18:16:00,0.234335
2025-10-30T18:17:00,0.210949
2025-10-30T18:18:00,0.137564
2025-10-30T18:19:00,0.221213
2025-10-30T18:20:00,0.188551
2025-10-30T18:21:00,0.132223
2025-10-30T18:22:00,0.216899
2025-10-30T18:23:00,0.122233
2025-10-30T18:24:00,0.239449
2025-10-30T18:25:00,0.089983
2025-10-30T18:26:00,0.208463
2025-10-30T18:27:00,0.260816
2025-10-30T18:28:00,0.112802
2025-10-30T18:29:00,0.252473
2025-10-30T18:30:00,0.137011
2025-10-30T18:31:00,0.223599
2025-10-30T18:32:00,0.089579
2025-10-30T18:33:00,0.205928
2025-10-30T18:34:00,0.249726
2025-10-30T18:35:00,0.211459
2025-10-30T18:36:00,0.223341
2025-10-30T18:37:00,0.129313
2025-10-30T18:38:00,0.120879
2025-10-30T18:39:00,0.236937
2025-10-30T18:40:00,0.163366
2025-10-30T18:41:00,0.196684
2025-10-30T18:42:00,0.216517
2025-10-30T18:43:00,0.264448
2025-10-30T18:44:00,0.103948
2025-10-30T18:45:00,0.166613
2025-10-30T18:46:00,0.205775
2025-10-30T18:47:00,0.228458
2025-10-30T18:48:00,0.178853
2025-10-30T18:49:00,0.240467
2025-10-30T18:50:00,0.206952
2025-10-30T18:51:00,0.222349
2025-10-30T18:52:00,0.216787
2025-10-30T18:53:00,0.10862
2025-10-30T18:54:00,0.180935
2025-10-30T18:55:00,0.264635
2025-10-30T18:56:00,0.125105
2025-10-30T18:57:00,0.265552
2025-10-30T18:58:00,0.184856
2025-10-30T18:59:00,0.129162
2025-10-30T19:00:00,0.134721
2025-10-30T19:01:00,0.198565
2025-10-30T19:02:00,0.136429
2025-10-30T19:03:00,0.179958
2025-10-30T19:04:00,0.132604
2025-10-30T19:05:00,0.123473
2025-10-30T19:06:00,0.24438
2025-10-30T19:07:00,0.258584
2025-10-30T19:08:00,0.141716
2025-10-30T19:09:00,0.232715
2025-10-30T19:10:00,0.252065
2025-10-30T19:11:00,0.104099
2025-10-30T19:12:00,0.111681
2025-10-30T19:13:00,0.246561
2025-10-30T19:14:00,0.156417
2025-10-30T19:15:00,0.186527
2025-10-30T19:16:00,0.173757
2025-10-30T19:17:00,0.230768
2025-10-30T19:18:00,0.178282
2025-10-30T19:19:00,0.157632
2025-10-30T19:20:00,0.209532
2025-10-30T19:21:00,0.168244
2025-10-30T19:22:00,0.208175
2025-10-30T19:23:00,0.130568
2025-10-30T19:24:00,0.072092
2025-10-30T19:25:00,0.159484
2025-10-30T19:26:00,0.227299
2025-10-30T19:27:00,0.231862
2025-10-30T19:28:00,0.110514
2025-10-30T19:29:00,0.254621
2025-10-30T19:30:00,0.130487
2025-10-30T19:31:00,0.106963
2025-10-30T19:32:00,0.176307
2025-10-30T19:33:00,0.121144
2025-10-30T19:34:00,0.178321
2025-10-30T19:35:00,0.084775
2025-10-30T19:36:00,0.101349
2025-10-30T19:37:00,0.244651
2025-10-30T19:38:00,0.182955
2025-10-30T19:39:00,0.202525
2025-10-30T19:40:00,0.188984
2025-10-30T19:41:00,0.147695
2025-10-30T19:42:00,0.130099
2025-10-30T19:43:00,0.129194
2025-10-30T19:44:00,0.242773
2025-10-30T19:45:00,0.138784
2025-10-30T19:46:00,0.247858
2025-10-30T19:47:00,0.237272
2025-10-30T19:48:00,0.1208
2025-10-30T19:49:00,0.25256
2025-10-30T19:50:00,0.248792
2025-10-30T19:51:00,0.140725
2025-10-30T19:52:00,0.086316
2025-10-30T19:53:00,0.245037
2025-10-30T19:54:00,0.217076
2025-10-30T19:55:00,0.098056
2025-10-30T19:56:00,0.244556
2025-10-30T19:57:00,0.210091
2025-10-30T19:58:00,0.156614
2025-10-30T19:59:00,0.110523
2025-10-30T20:00:00,0.188894
2025-10-30T20:01:00,0.09073
2025-10-30T20:02:00,0.10502
2025-10-30T20:03:00,0.200919
2025-10-30T20:04:00,0.222692
2025-10-30T20:05:00,0.142876
2025-10-30T20:06:00,0.09936
2025-10-30T20:07:00,0.16605
2025-10-30T20:08:00,0.176544
2025-10-30T20:09:00,0.155065
2025-10-30T20:10:00,0.207978
2025-10-30T20:11:00,0.132259
2025-10-30T20:12:00,0.174927
2025-10-30T20:13:00,0.164457
2025-10-30T20:14:00,0.179441
2025-10-30T20:15:00,0.108199
2025-10-30T20:16:00,0.218757
2025-10-30T20:17:00,0.164116
2025-10-30T20:18:00,0.140355
2025-10-30T20:19:00,0.179266
2025-10-30T20:20:00,0.089817
2025-10-30T20:21:00,0.201713
2025-10-30T20:22:00,0.240279
2025-10-30T20:23:00,0.231784
2025-10-30T20:24:00,0.205308
2025-10-30T20:25:00,0.261815
2025-10-30T20:26:00,0.145275
2025-10-30T20:27:00,0.143906
2025-10-30T20:28:00,0.115251
2025-10-30T20:29:00,0.19312
2025-10-30T20:30:00,0.209087
2025-10-30T20:31:00,0.19982
2025-10-30T20:32:00,0.115469
2025-10-30T20:33:00,0.099072
2025-10-30T20:34:00,0.106975
2025-10-30T20:35:00,0.110139
2025-10-30T20:36:00,0.211053
2025-10-30T20:37:00,0.243849
2025-10-30T20:38:00,0.14319
2025-10-30T20:39:00,0.107623
2025-10-30T20:40:00,0.203897
2025-10-30T20:41:00,0.263222
2025-10-30T20:42:00,0.131333
2025-10-30T20:43:00,0.160666
2025-10-30T20:44:00,0.171527
2025-10-30T20:45:00,0.175498
2025-10-30T20:46:00,0.175191
2025-10-30T20:47:00,0.225085
2025-10-30T20:48:00,0.137824
2025-10-30T20:49:00,0.252628
2025-10-30T20:50:00,0.099399
2025-10-30T20:51:00,0.116541
2025-10-30T20:52:00,0.095651
2025-10-30T20:53:00,0.222584
2025-10-30T20:54:00,0.170614
2025-10-30T20:55:00,0.079779
2025-10-30T20:56:00,0.122091
2025-10-30T20:57:00,0.189507
2025-10-30T20:58:00,0.247515
2025-10-30T20:59:00,0.078751
2025-10-30T21:00:00,0.059155
2025-10-30T21:01:00,0.053659
2025-10-30T21:02:00,0.068102
2025-10-30T21:03:00,0.076866
2025-10-30T21:04:00,0.058722
2025-10-30T21:05:00,0.036118
2025-10-30T21:06:00,0.081474
2025-10-30T21:07:00,0.024156
2025-10-30T21:08:00,0.080069
2025-10-30T21:09:00,0.055052
2025-10-30T21:10:00,0.033447
2025-10-30T21:11:00,0.032561
2025-10-30T21:12:00,0.035568
2025-10-30T21:13:00,0.054923
2025-10-30T21:14:00,0.066043
2025-10-30T21:15:00,0.01753
2025-10-30T21:16:00,0.056065
2025-10-30T21:17:00,0.04766
2025-10-30T21:18:00,0.0703
2025-10-30T21:19:00,0.023309
2025-10-30T21:20:00,0.038218
2025-10-30T21:21:00,0.018019
2025-10-30T21:22:00,0.060352
2025-10-30T21:23:00,0.049914
2025-10-30T21:24:00,0.054586
2025-10-30T21:25:00,0.087538
2025-10-30T21:26:00,0.052718
2025-10-30T21:27:00,0.061266
2025-10-30T21:28:00,0.037612
2025-10-30T21:29:00,0.038663
2025-10-30T21:30:00,0.025968
2025-10-30T21:31:00,0.026855
2025-10-30T21:32:00,0.019365
2025-10-30T21:33:00,0.029082
2025-10-30T21:34:00,0.054692
2025-10-30T21:35:00,0.083237
2025-10-30T21:36:00,0.032108
2025-10-30T21:37:00,0.068861
2025-10-30T21:38:00,0.054011
2025-10-30T21:39:00,0.034052
2025-10-30T21:40:00,0.080272
2025-10-30T21:41:00,0.083698
2025-10-30T21:42:00,0.058828
2025-10-30T21:43:00,0.064408
2025-10-30T21:44:00,0.03655
2025-10-30T21:45:00,0.065226
2025-10-30T21:46:00,0.071522
2025-10-30T21:47:00,0.067528
2025-10-30T21:48:00,0.039738
2025-10-30T21:49:00,0.039922
2025-10-30T21:50:00,0.069352
2025-10-30T21:51:00,0.036968
2025-10-30T21:52:00,0.041647
2025-10-30T21:53:00,0.06318
2025-10-30T21:54:00,0.016696
2025-10-30T21:55:00,0.066464
2025-10-30T21:56:00,0.053784
2025-10-30T21:57:00,0.077839
2025-10-30T21:58:00,0.043662
2025-10-30T21:59:00,0.037672
2025-10-30T22:00:00,0.0
2025-10-30T22:01:00,0.025918
2025-10-30T22:02:00,0.002028
2025-10-30T22:03:00,0.002525
2025-10-30T22:04:00,0.011011
2025-10-30T22:05:00,0.020563
2025-10-30T22:06:00,0.003932
2025-10-30T22:07:00,0.001506
2025-10-30T22:08:00,0.005864
2025-10-30T22:09:00,0.027847
2025-10-30T22:10:00,0.002501
2025-10-30T22:11:00,0.015564
2025-10-30T22:12:00,0.017855
2025-10-30T22:13:00,0.006588
2025-10-30T22:14:00,0.005658
2025-10-30T22:15:00,0.00558
2025-10-30T22:16:00,0.009689
2025-10-30T22:17:00,0.004693
2025-10-30T22:18:00,0.004303
2025-10-30T22:19:00,0.0
2025-10-30T22:20:00,0.017381
2025-10-30T22:21:00,0.024772
2025-10-30T22:22:00,0.021125
2025-10-30T22:23:00,0.009151
2025-10-30T22:24:00,0.026579
2025-10-30T22:25:00,0.000911
2025-10-30T22:26:00,0.019378
2025-10-30T22:27:00,0.015108
2025-10-30T22:28:00,0.017628
2025-10-30T22:29:00,0.0
2025-10-30T22:30:00,0.010506
2025-10-30T22:31:00,0.011732
2025-10-30T22:32:00,0.00111
2025-10-30T22:33:00,0.022313
2025-10-30T22:34:00,0.016299
2025-10-30T22:35:00,0.027361
2025-10-30T22:36:00,0.020133
2025-10-30T22:37:00,0.01304
2025-10-30T22:38:00,0.011754
2025-10-30T22:39:00,0.009055
2025-10-30T22:40:00,0.015426
2025-10-30T22:41:00,0.024032
2025-10-30T22:42:00,0.016
2025-10-30T22:43:00,0.021073
2025-10-30T22:44:00,0.024083
2025-10-30T22:45:00,0.01413
2025-10-30T22:46:00,0.023075
2025-10-30T22:47:00,0.012551
2025-10-30T22:48:00,0.015105
2025-10-30T22:49:00,0.001775
2025-10-30T22:50:00,0.00637
2025-10-30T22:51:00,0.012865
2025-10-30T22:52:00,0.014053
2025-10-30T22:53:00,0.015535
2025-10-30T22:54:00,0.012185
2025-10-30T22:55:00,0.0
2025-10-30T22:56:00,0.008088
2025-10-30T22:57:00,0.011003
2025-10-30T22:58:00,0.007177
2025-10-30T22:59:00,0.010051
2025-10-30T23:00:00,0.021901
2025-10-30T23:01:00,0.025654
2025-10-30T23:02:00,0.018208
2025-10-30T23:03:00,0.024846
2025-10-30T23:04:00,0.025015
2025-10-30T23:05:00,0.012359
2025-10-30T23:06:00,0.015565
2025-10-30T23:07:00,0.010805
2025-10-30T23:08:00,0.021711
2025-10-30T23:09:00,0.001746
2025-10-30T23:10:00,0.006641
2025-10-30T23:11:00,0.009444
2025-10-30T23:12:00,0.017133
2025-10-30T23:13:00,0.020337
2025-10-30T23:14:00,0.014849
2025-10-30T23:15:00,0.00431
2025-10-30T23:16:00,0.023801
2025-10-30T23:17:00,0.01367
2025-10-30T23:18:00,0.001389
2025-10-30T23:19:00,0.01921
2025-10-30T23:20:00,0.023349
2025-10-30T23:21:00,0.018514
2025-10-30T23:22:00,0.018773
2025-10-30T23:23:00,0.020532
2025-10-30T23:24:00,0.012108
2025-10-30T23:25:00,0.008768
2025-10-30T23:26:00,0.023475
2025-10-30T23:27:00,0.027757
2025-10-30T23:28:00,0.018294
2025-10-30T23:29:00,0.016322
2025-10-30T23:30:00,0.013579
2025-10-30T23:31:00,0.019323
2025-10-30T23:32:00,0.012943
2025-10-30T23:33:00,0.023128
2025-10-30T23:34:00,0.009732
2025-10-30T23:35:00,0.002334
2025-10-30T23:36:00,0.004238
2025-10-30T23:37:00,0.006387
2025-10-30T23:38:00,0.018582
2025-10-30T23:39:00,0.007974
2025-10-30T23:40:00,0.015564
2025-10-30T23:41:00,0.011263
2025-10-30T23:42:00,0.021887
2025-10-30T23:43:00,0.016193
2025-10-30T23:44:00,0.022824
2025-10-30T23:45:00,0.000704
2025-10-30T23:46:00,0.003651
2025-10-30T23:47:00,0.024843
2025-10-30T23:48:00,0.015401
2025-10-30T23:49:00,0.022105
2025-10-30T23:50:00,0.012974
2025-10-30T23:51:00,0.023354
2025-10-30T23:52:00,0.020049
2025-10-30T23:53:00,0.008653
2025-10-30T23:54:00,0.017925
2025-10-30T23:55:00,0.026424
2025-10-30T23:56:00,0.006217
2025-10-30T23:57:00,0.016535
2025-10-30T23:58:00,0.007187
2025-10-30T23:59:00,0.020186